[
  {
    "name": "Light Iron Harpoon",
    "price": 500,
    "durability": 50,
    "countdown": 200,
        "luck": 0,
    "image": "https://i.imgur.com/gQuka5L.jpg"
  },
  {
    "name": "Steel Harpoon",
    "price": 1600,
    "durability": 100,
    "countdown": 180,
        "luck": 100,
    "image": "https://i.imgur.com/mptiizn.png"
  },
  {
    "name": "Titanium Harpoon",
    "price": 6400,
    "durability": 150,
    "countdown": 150,
        "luck": 200,
    "image": "https://i.imgur.com/vgIeC3t.jpg"
  },
  {
    "name": "Tungsten Core Harpoon",
    "price": 19600,
    "durability": 200,
    "countdown": 120,
        "luck": 400,
    "image": "https://i.imgur.com/Ki8rCeH.png"
  },
  {
    "name": "D.U Core Harpoon",
    "price": 58800,
    "durability": 450,
    "countdown": 90,
        "luck": 800,
    "image": "https://i.imgur.com/vWRvdAP.png"
  },
  {
    "name": "Jeweled Tungsten Harpoon",
    "price": 235400,
    "durability": 900,
    "countdown": 60,
        "luck": 1500,
    "image": "https://i.imgur.com/P4l8Ivq.jpg"
  },
  {
    "name": "Ion Powered Trident",
    "price": 547000,
    "durability": 1000,
    "countdown": 40,
        "luck": 2000,
    "image": "https://i.imgur.com/rfQ7KyF.png"
  },
  {
    "name": "𝖀𝖓𝖐𝖓𝖔𝖜𝖓 𝕿𝖗𝖎𝖉𝖊𝖓𝖙",
    "price": 25675000,
    "durability": 3000,
    "countdown": 20,
        "luck": 2500,
    "image": "https://i.imgur.com/1CwNrxL.png"
  },
  {
    "name": "Dual Dragonic Harpoon Gun",
    "price": 69795000,
    "durability": 5000,
    "countdown": 10,
        "luck": 5000,
    "image": "https://i.imgur.com/41xF99z.png"
  },
  {
    "name": "Frenzy Harpoon gun",
    "price": 77617500,
    "durability": 6000,
    "countdown": 10,
        "luck": 5000,
    "image": "https://i.imgur.com/XcOc4tA.png"
  },
  {
    "name": "The Blessing From The Sea",
    "price": 15312350000,
    "durability": 120000,
    "countdown": 2,
        "luck": 15000,
    "image": "https://i.imgur.com/S7eXgbY.png"
  }
]
