[
	{
		"key": "sb",
		"value": "jzVEZT6ioA5YiqPK_VNxYEnu",
		"domain": "facebook.com",
		"path": "/",
		"hostOnly": false,
		"creation": "2024-08-21T16:30:26.184Z",
		"lastAccessed": "2024-08-21T16:30:30.683Z"
	},
	{
		"key": "ps_n",
		"value": "1",
		"domain": "facebook.com",
		"path": "/",
		"hostOnly": false,
		"creation": "2024-08-21T16:30:26.343Z",
		"lastAccessed": "2024-08-21T16:30:30.683Z"
	},
	{
		"key": "ps_l",
		"value": "1",
		"domain": "facebook.com",
		"path": "/",
		"hostOnly": false,
		"creation": "2024-08-21T16:30:26.349Z",
		"lastAccessed": "2024-08-21T16:30:30.683Z"
	},
	{
		"key": "datr",
		"value": "sdU4ZuIFf8OZDqnfkDLbcmJ5",
		"domain": "facebook.com",
		"path": "/",
		"hostOnly": false,
		"creation": "2024-08-21T16:30:26.352Z",
		"lastAccessed": "2024-08-21T16:30:30.683Z"
	},
	{
		"key": "dpr",
		"value": "1.25",
		"domain": "facebook.com",
		"path": "/",
		"hostOnly": false,
		"creation": "2024-08-21T16:30:26.360Z",
		"lastAccessed": "2024-08-21T16:30:30.683Z"
	},
	{
		"key": "wd",
		"value": "1536x738",
		"domain": "facebook.com",
		"path": "/",
		"hostOnly": false,
		"creation": "2024-08-21T16:30:26.361Z",
		"lastAccessed": "2024-08-21T16:30:30.683Z"
	},
	{
		"key": "c_user",
		"value": "100094846703855",
		"domain": "facebook.com",
		"path": "/",
		"hostOnly": false,
		"creation": "2024-08-21T16:30:26.363Z",
		"lastAccessed": "2024-08-21T16:30:30.683Z"
	},
	{
		"key": "i_user",
		"value": "61555708343072",
		"domain": "facebook.com",
		"path": "/",
		"hostOnly": false,
		"creation": "2024-08-21T16:30:26.364Z",
		"lastAccessed": "2024-08-21T16:30:30.683Z"
	},
	{
		"key": "presence",
		"value": "C%7B%22lm3%22%3A%22g.6834871869889629%22%2C%22t3%22%3A%5B%5D%2C%22utc3%22%3A1724083043683%2C%22v%22%3A1%7D",
		"domain": "facebook.com",
		"path": "/",
		"hostOnly": false,
		"creation": "2024-08-21T16:30:26.366Z",
		"lastAccessed": "2024-08-21T16:30:30.683Z"
	},
	{
		"key": "fr",
		"value": "1habccylF9GjJ7eAv.AWVrelNy5OJYTuF1Nr8Ha56uvQQ.BmxhVS..AAA.0.0.BmxhVS.AWUa4304F8A",
		"domain": "facebook.com",
		"path": "/",
		"hostOnly": false,
		"creation": "2024-08-21T16:30:26.367Z",
		"lastAccessed": "2024-08-21T16:30:30.683Z"
	},
	{
		"key": "xs",
		"value": "36%3AwM8ud9IhrQH2dQ%3A2%3A1723909172%3A-1%3A2740%3A%3AAcVFDwYSCcqReG8ngaZ02wZN1L0uuDo4ThhI6hxY-Q",
		"domain": "facebook.com",
		"path": "/",
		"hostOnly": false,
		"creation": "2024-08-21T16:30:26.369Z",
		"lastAccessed": "2024-08-21T16:30:30.683Z"
	},
	{
		"key": "m_page_voice",
		"value": "61555708343072",
		"domain": "facebook.com",
		"path": "/",
		"hostOnly": false,
		"creation": "2024-08-21T16:30:26.373Z",
		"lastAccessed": "2024-08-21T16:30:30.683Z"
	},
	{
		"key": "sb",
		"value": "jzVEZT6ioA5YiqPK_VNxYEnu",
		"domain": "facebook.com",
		"path": "/",
		"hostOnly": false,
		"creation": "2024-08-21T16:30:26.184Z",
		"lastAccessed": "2024-08-21T16:30:30.683Z"
	},
	{
		"key": "ps_n",
		"value": "1",
		"domain": "facebook.com",
		"path": "/",
		"hostOnly": false,
		"creation": "2024-08-21T16:30:26.343Z",
		"lastAccessed": "2024-08-21T16:30:30.683Z"
	},
	{
		"key": "ps_l",
		"value": "1",
		"domain": "facebook.com",
		"path": "/",
		"hostOnly": false,
		"creation": "2024-08-21T16:30:26.349Z",
		"lastAccessed": "2024-08-21T16:30:30.683Z"
	},
	{
		"key": "datr",
		"value": "sdU4ZuIFf8OZDqnfkDLbcmJ5",
		"domain": "facebook.com",
		"path": "/",
		"hostOnly": false,
		"creation": "2024-08-21T16:30:26.352Z",
		"lastAccessed": "2024-08-21T16:30:30.683Z"
	},
	{
		"key": "dpr",
		"value": "1.25",
		"domain": "facebook.com",
		"path": "/",
		"hostOnly": false,
		"creation": "2024-08-21T16:30:26.360Z",
		"lastAccessed": "2024-08-21T16:30:30.683Z"
	},
	{
		"key": "wd",
		"value": "1536x738",
		"domain": "facebook.com",
		"path": "/",
		"hostOnly": false,
		"creation": "2024-08-21T16:30:26.361Z",
		"lastAccessed": "2024-08-21T16:30:30.683Z"
	},
	{
		"key": "c_user",
		"value": "100094846703855",
		"domain": "facebook.com",
		"path": "/",
		"hostOnly": false,
		"creation": "2024-08-21T16:30:26.363Z",
		"lastAccessed": "2024-08-21T16:30:30.683Z"
	},
	{
		"key": "i_user",
		"value": "61555708343072",
		"domain": "facebook.com",
		"path": "/",
		"hostOnly": false,
		"creation": "2024-08-21T16:30:26.364Z",
		"lastAccessed": "2024-08-21T16:30:30.683Z"
	},
	{
		"key": "presence",
		"value": "C%7B%22lm3%22%3A%22g.6834871869889629%22%2C%22t3%22%3A%5B%5D%2C%22utc3%22%3A1724083043683%2C%22v%22%3A1%7D",
		"domain": "facebook.com",
		"path": "/",
		"hostOnly": false,
		"creation": "2024-08-21T16:30:26.366Z",
		"lastAccessed": "2024-08-21T16:30:30.683Z"
	},
	{
		"key": "fr",
		"value": "1habccylF9GjJ7eAv.AWVrelNy5OJYTuF1Nr8Ha56uvQQ.BmxhVS..AAA.0.0.BmxhVS.AWUa4304F8A",
		"domain": "facebook.com",
		"path": "/",
		"hostOnly": false,
		"creation": "2024-08-21T16:30:26.367Z",
		"lastAccessed": "2024-08-21T16:30:30.683Z"
	},
	{
		"key": "xs",
		"value": "36%3AwM8ud9IhrQH2dQ%3A2%3A1723909172%3A-1%3A2740%3A%3AAcVFDwYSCcqReG8ngaZ02wZN1L0uuDo4ThhI6hxY-Q",
		"domain": "facebook.com",
		"path": "/",
		"hostOnly": false,
		"creation": "2024-08-21T16:30:26.369Z",
		"lastAccessed": "2024-08-21T16:30:30.683Z"
	},
	{
		"key": "m_page_voice",
		"value": "61555708343072",
		"domain": "facebook.com",
		"path": "/",
		"hostOnly": false,
		"creation": "2024-08-21T16:30:26.373Z",
		"lastAccessed": "2024-08-21T16:30:30.683Z"
	},
	{
		"key": "m_page_voice",
		"value": "61555708343072",
		"domain": "messenger.com",
		"path": "/",
		"hostOnly": false,
		"creation": "2024-08-21T16:30:26.393Z",
		"lastAccessed": "2024-08-21T16:30:30.685Z"
	}
]