{
  "name": "Heo Rừng",
  "ID": "100037211391552",
  "mainROD": "Titanium Harpoon",
  "accessory": "Phụ Kiện Radar Sinh vật III",
  "GPS": {
    "locate": "The Unknown Ocean (Additional Ver)",
    "area": "The Forever Abyss"
  },
  "fishBag": [
    {
      "ID": 0,
      "name": "Đừng bán con cá này ko là lỗi tao đéo chịu trách nhiệm đâu",
      "category": "Unnamed",
      "size": 999999,
      "sell": 0
    },
    {
      "ID": 1,
      "name": "Small Tetracis",
      "category": "Common",
      "size": 15,
      "sell": 200,
      "image": "https://i.imgur.com/mGNV13j.jpg"
    },
    {
      "ID": 2,
      "name": "Piscine",
      "category": "Common",
      "size": 13,
      "sell": 250,
      "image": "https://i.imgur.com/EOG6U5G.jpg"
    },
    {
      "ID": 3,
      "name": "Piscine",
      "category": "Common",
      "size": 13,
      "sell": 250,
      "image": "https://i.imgur.com/EOG6U5G.jpg"
    },
    {
      "ID": 4,
      "name": "Void Thresher",
      "category": "Epic",
      "size": 2495,
      "sell": 154514,
      "image": "https://i.imgur.com/Ek4rAfS.png"
    },
    {
      "ID": 5,
      "name": "Bulldog Trapjaw",
      "category": "Rare",
      "size": 325,
      "sell": 5014,
      "image": "https://i.imgur.com/D6VEevg.png"
    },
    {
      "ID": 6,
      "name": "Titanus Blighter",
      "category": "Epic",
      "size": 3195,
      "sell": 134360,
      "image": "https://i.imgur.com/vKEpfcE.png"
    },
    {
      "ID": 7,
      "name": "Ancestral Reaper Leviathan",
      "category": "Legendary",
      "size": 6400,
      "sell": 2400000,
      "image": "https://i.imgur.com/3zSI56l.png"
    },
    {
      "ID": 8,
      "name": "The Watching Eye",
      "category": "Epic",
      "size": 1530,
      "sell": 98700,
      "image": "https://i.imgur.com/6m92P5R.png"
    },
    {
      "ID": 9,
      "name": "The Watching Eye",
      "category": "Epic",
      "size": 1530,
      "sell": 98700,
      "image": "https://i.imgur.com/6m92P5R.png"
    }
  ],
  "item": [
    {
      "name": "Titanium Harpoon",
      "price": 6400,
      "durability": 60,
      "countdown": 150,
      "luck": 200,
      "countdownData": 1715076084001,
      "image": "https://i.imgur.com/vgIeC3t.jpg"
    }
  ],
  "equipments": [
    {
      "name": "Phụ Kiện hỗ trợ tái nạp V",
      "price": 320000,
      "countdownDecrease": 0.6,
      "luck": 0,
      "priceIncrease": 1,
      "description": "Giảm thời gian chờ câu 40%",
      "image": "https://i.imgur.com/DU7tplL.png"
    },
    {
      "name": "Phụ Kiện Kiểm soát thiệt hại III",
      "price": 500000,
      "countdownDecrease": 1,
      "luck": 0,
      "priceIncrease": 1.15,
      "description": "Tăng giá trị của con cá câu được thêm 15%",
      "image": "https://i.imgur.com/2OFkK5y.png"
    },
    {
      "name": "Phụ Kiện Radar Sinh vật III",
      "price": 11120000,
      "countdownDecrease": 1,
      "luck": 79000,
      "priceIncrease": 1,
      "description": "Tự động loại bỏ cá thuộc hạng Common, Uncommon, Rare trở xuống, tăng mạnh xác suất câu cá hiếm",
      "image": "https://i.imgur.com/VGwrLJM.png"
    }
  ],
  "point": [
    {
      "ID": 0,
      "name": "Đừng bán con cá này ko là lỗi tao đéo chịu trách nhiệm đâu",
      "category": "Unnamed",
      "size": 999999,
      "sell": 0
    },
    {
      "ID": 1,
      "name": "Small Tetracis",
      "category": "Common",
      "size": 15,
      "sell": 200,
      "image": "https://i.imgur.com/mGNV13j.jpg"
    },
    {
      "ID": 2,
      "name": "Piscine",
      "category": "Common",
      "size": 13,
      "sell": 250,
      "image": "https://i.imgur.com/EOG6U5G.jpg"
    },
    {
      "ID": 3,
      "name": "Piscine",
      "category": "Common",
      "size": 13,
      "sell": 250,
      "image": "https://i.imgur.com/EOG6U5G.jpg"
    },
    {
      "ID": 4,
      "name": "Void Thresher",
      "category": "Epic",
      "size": 2495,
      "sell": 134360,
      "image": "https://i.imgur.com/Ek4rAfS.png"
    },
    {
      "ID": 5,
      "name": "Bulldog Trapjaw",
      "category": "Rare",
      "size": 325,
      "sell": 4360,
      "image": "https://i.imgur.com/D6VEevg.png"
    },
    {
      "ID": 6,
      "name": "Titanus Blighter",
      "category": "Epic",
      "size": 3195,
      "sell": 134360,
      "image": "https://i.imgur.com/vKEpfcE.png"
    },
    {
      "ID": 7,
      "name": "Ancestral Reaper Leviathan",
      "category": "Legendary",
      "size": 6400,
      "sell": 2400000,
      "image": "https://i.imgur.com/3zSI56l.png"
    },
    {
      "ID": 8,
      "name": "The Watching Eye",
      "category": "Epic",
      "size": 1530,
      "sell": 98700,
      "image": "https://i.imgur.com/6m92P5R.png"
    },
    {
      "ID": 9,
      "name": "The Watching Eye",
      "category": "Epic",
      "size": 1530,
      "sell": 98700,
      "image": "https://i.imgur.com/6m92P5R.png"
    }
  ],
  "timeRegister": "15:57:24, 14/4/2024"
}