[
   {
      "type": "accessories",
      "id": 0,
      "name": "Alatreon Alpha Armor Set VII",
      "durability": 1000,
      "baseDurability": 1000,
      "HP": 500000,
      "DEF": 302600,
      "SPD": 137000,
      "dmgBuff": 1.2,
      "defBuff": 1.2,
      "hpBuff": 1.2,
      "spdBuff": 1.1,
      "DamageReduction": 0.8,
      "description": "Bộ giáp làm từ vảy của một con Alatreon, đem lại khả năng bảo vệ hoàn hảo",
      "price": 20421000,
      "image": "https://i.imgur.com/1qtENVi.png"
   },
   {
      "type": "accessories",
      "id": 1,
      "name": "Assassin's Hood Mantle V",
      "durability": 1000,
      "baseDurability": 1000,
      "HP": 10000,
      "DEF": 3000,
      "SPD": 70000,
      "dmgBuff": 1.2,
      "defBuff": 1,
      "hpBuff": 1,
      "spdBuff": 2,
      "DamageReduction": 1,
      "description": "Tăng tốc độ bản thân, tăng sát thương gây ra",
      "price": 1421000,
      "image": "https://i.imgur.com/vg1HopN.png"
   },
   {
      "type": "accessories",
      "id": 2,
      "name": "Rocksteady Mantle+ VII",
      "durability": 1000,
      "baseDurability": 1000,
      "HP": 770000,
      "DEF": 673000,
      "SPD": 10000,
      "dmgBuff": 1,
      "defBuff": 1.5,
      "hpBuff": 1,
      "spdBuff": 1,
      "DamageReduction": 0.65,
      "description": "Phụ kiện tăng cường mạnh khả năng phòng thủ cho bản thân kèm hiệu ứng miễn thương 35% nhưng bị giảm tốc độ mạnh",
      "price": 24210000,
      "image": "https://i.imgur.com/fHN3G8v.png"
   },
   {
      "type": "accessories",
      "id": 3,
      "name": "Vitality Mantle IV",
      "durability": 1000,
      "baseDurability": 1000,
      "HP": 200000,
      "DEF": 0,
      "SPD": 0,
      "dmgBuff": 1,
      "defBuff": 1,
      "hpBuff": 1.25,
      "spdBuff": 1,
      "DamageReduction": 0.9,
      "description": "Tăng HP cơ bản kèm 25% HP và giảm 10% sát thương phải chịu cho bản thân",
      "price": 302000,
      "image": "https://i.imgur.com/DKY7uGe.png"
   },
   {
      "type": "accessories",
      "id": 4,
      "name": "Demonic Ruby Ring IV",
      "durability": 1000,
      "baseDurability": 1000,
      "HP": 0,
      "DEF": 0,
      "SPD": 0,
      "dmgBuff": 1.2,
      "defBuff": 1,
      "hpBuff": 1,
      "spdBuff": 1,
      "DamageReduction": 1,
      "description": "Chiếc nhẫn này giúp nhận buff 20% sát thương cơ bản",
      "price": 560000,
      "image": "https://i.imgur.com/tYikbon.png"
   },
   {
      "type": "accessories",
      "id": 5,
      "name": "Resistance Ring IV",
      "durability": 1000,
      "baseDurability": 1000,
      "HP": 0,
      "DEF": 50000,
      "SPD": 0,
      "dmgBuff": 1,
      "defBuff": 1.2,
      "hpBuff": 1,
      "spdBuff": 1,
      "DamageReduction": 0.85,
      "description": "Chiếc nhẫn này giúp nhận một lượng DEF cơ bản, buff 20% DEF và 15% miễn thương",
      "price": 550000,
      "image": "https://i.imgur.com/B1rl4bq.png"
   },
   {
      "type": "accessories",
      "id": 6,
      "name": "Giáp Phản Ứng Nổ Kontakt-1",
      "durability": 1000,
      "baseDurability": 1000,
      "HP": 0,
      "DEF": 100,
      "SPD": 0,
      "dmgBuff": 1,
      "defBuff": 1.2,
      "hpBuff": 1,
      "spdBuff": 1,
      "DamageReduction": 0.9,
      "description": "Hãy đắp những viên gạch này lên người bạn, và bạn sẽ nhận được buff 10% miễn thương",
      "price": 10000,
      "image": "https://i.imgur.com/gTKlt4G.png"
   },
   {
      "type": "accessories",
      "id": 7,
      "name": "Orb Of Absolute Destruction X",
      "durability": 1000,
      "baseDurability": 1000,
      "HP": 7400000,
      "DEF": 0,
      "SPD": 1200000,
      "dmgBuff": 4.5,
      "defBuff": 0.75,
      "hpBuff": 1,
      "spdBuff": 2,
      "DamageReduction": 1,
      "description": "Viên ngọc chứa đựng sức mạnh hỗn mang, huỷ diệt, khi trang bị sẽ tăng mạnh SPD cơ bản kèm 550% ATK và 400% SPD nhưng giảm 25% DEF",
      "price": 214700000,
      "image": "https://i.imgur.com/RXzzotG.png"
   },
   {
      "type": "accessories",
      "id": 8,
      "name": "True Essence Of Immortality X",
      "durability": 1000,
      "baseDurability": 1000,
      "HP": 32000000,
      "DEF": 0,
      "SPD": 0,
      "dmgBuff": 1,
      "defBuff": 1.2,
      "hpBuff": 6,
      "spdBuff": 1,
      "DamageReduction": 0.5,
      "description": "Viên ngọc chứa đựng sức mạnh của sự sống, tăng khủng bố HP và buff 600% HP + 20% giáp kèm 50% Miễn thương",
      "price": 256500000,
      "image": "https://i.imgur.com/FRFtUdr.png"
   },
   {
      "type": "accessories",
      "id": 8,
      "name": "True Essence Of Finality ★",
      "durability": 1000,
      "baseDurability": 1000,
      "HP": 24600000,
      "DEF": 6578000,
      "SPD": 3456000,
      "dmgBuff": 2.5,
      "defBuff": 2.5,
      "hpBuff": 4,
      "spdBuff": 2.5,
      "DamageReduction": 0.8,
      "description": "Phụ kiện End-Game tối thượng, toàn năng và kết thúc tất cả",
      "price": 4478000000,
      "image": "https://i.imgur.com/UybtgdG.png"
   }
]
  