[
    {
        "ID": 0,
        "summonRequired": 100,
        "Name": "Dalamadur - The Serpent King Dragon",
        "Tier": "XX",
        "category": "Boss",
        "HP": 53450000,
        "ATK": 14050000,
        "DEF": 12235000,
        "size": 44039,
        "SPD": 2750900,
        "ATKbonus": 1.8,
        "DEFbonus": 1.5,
        "SPDbonus": 1.5,
        "ArmorPiercing": 0.9,
        "damageReduction": 0.8,
        "price": 650000000,
        "exp": 210000000,
        "description": "A huge elder dragon, massive beyond human comprehension. The only mention of its existence is found in fairy tales, which claim it can warp the very surface of the world and level mountains with a single twitch.",
        "opening": "Vị chúa của những vùng núi cao",
        "opening2": "Chỉ được biết đến qua những câu chuyện cổ tích",
        "opening3": "Dalamadur - The Serpent King Dragon",
        "image": "https://64.media.tumblr.com/e22b5cb4644b734711897677b09a62e3/tumblr_pxdm9qHia91wlm2f8o5_400.gifv"
    },
    {
        "ID": 1,
        "summonRequired": 300,
        "Name": "Laviente - The Unknown Emperor",
        "Tier": "XX",
        "category": "Boss",
        "HP": 60000000,
        "ATK": 15300000,
        "DEF": 13000000,
        "size": 45000,
        "SPD": 2640000,
        "ATKbonus": 2,
        "DEFbonus": 1.4,
        "SPDbonus": 1.4,
        "ArmorPiercing": 0.85,
        "damageReduction": 0.75,
        "price": 700000000,
        "exp": 250000000,
        "description": "An unclassified creature with a serpent-shape. There is no further information about this gigantic creature. All we have known about this thing is it's the tyrant of ?????",
        "opening": "????????",
        "opening2": "???????????",
        "opening3": "Laviente - The Unknown Emperor",
        "image": "https://i.imgur.com/AiSd2W1.png"
    }
]