[
    {
        "type": "buff",
        "id": 0,
        "name": "Health Potion+",
        "buffName": "+100% HP",
        "buffATK": 0,
        "buffHP": 1,
        "buffDEF": 0,
        "buffSPD": 0,
        "buffDamageReduction": 0,
        "buffExp": 0,
        "time": 5,
        "description": "Tăng 100% HP tạm thời trong 5 trận kế tiếp",
        "price": 375000,
        "image": "https://i.imgur.com/66gTCCc.png"
     },
     {
         "type": "buff",
         "id": 0,
         "name": "Power Potion+",
         "buffName": "+100% ATK",
         "buffATK": 1,
         "buffHP": 0,
         "buffDEF": 0,
         "buffSPD": 0,
         "buffDamageReduction": 0,
         "buffExp": 0,
         "time": 5,
         "description": "Tăng 100% ATK tạm thời trong 5 trận kế tiếp",
         "price": 375000,
         "image": "https://i.imgur.com/66gTCCc.png"
      },
      {
          "type": "buff",
          "id": 0,
          "name": "Ironskin Potion+",
          "buffName": "+100% DEF",
          "buffATK": 0,
          "buffHP": 0,
          "buffDEF": 1,
          "buffSPD": 0,
          "buffDamageReduction": 0,
          "buffExp": 0,
          "time": 5,
          "description": "Tăng 100% DEF tạm thời trong 5 trận kế tiếp",
          "price": 375000,
          "image": "https://i.imgur.com/l1OvbHO.png"
       },
       {
           "type": "buff",
           "id": 0,
           "name": "Lightning Potion+",
           "buffName": "+100% SPD",
           "buffATK": 0,
           "buffHP": 0,
           "buffDEF": 0,
           "buffSPD": 1,
           "buffDamageReduction": 0,
           "buffExp": 0,
           "time": 5,
           "description": "Tăng 100% SPD tạm thời trong 5 trận kế tiếp",
           "price": 375000,
           "image": "https://i.imgur.com/3SF3OpR.png"
        },
        {
            "type": "buff",
            "id": 0,
            "name": "Cần Sa",
            "buffName": "+50% Toàn bộ chỉ số",
            "buffATK": 0.5,
            "buffHP": 0.5,
            "buffDEF": 0.5,
            "buffSPD": 0.5,
            "buffDamageReduction": 0,
            "buffExp": 0,
            "time": 5,
            "description": "Tăng 50% toàn bộ chỉ số trong 5 trận kế tiếp",
            "price": 850000,
            "image": "https://i.imgur.com/27ARu4p.png"
         },
         {
             "type": "buff",
             "id": 0,
             "name": "Cần Sa Toàn Năng",
             "buffName": "+250% Toàn bộ chỉ số",
             "buffATK": 2.5,
             "buffHP": 2.5,
             "buffDEF": 2.5,
             "buffSPD": 2.5,
             "buffDamageReduction": 0,
             "buffExp": 0,
             "time": 5,
             "description": "Tăng 250% toàn bộ chỉ số trong 5 trận kế tiếp",
             "price": 15850000,
             "image": "https://i.imgur.com/PrlYjxE.png"
          }
 ]
   