[
    {
        "id": "61553126560176",
        "name": "Moi Không Tối's Cổ",
        "level": 137,
        "exp": 61196515986.90863,
        "hp": 49410,
        "atk": 52427974,
        "def": 19924,
        "spd": 73810262,
        "the_luc": 28160,
        "the_luc_Base": 1000,
        "summonPoint": 0,
        "karma": 55939,
        "points": 322800,
        "rankScore": 219,
        "talentHP": 6,
        "talentATK": 4,
        "talentDEF": 4,
        "talentSPD": 4,
        "talentGrow": 4,
        "weapon": {
            "type": "weapon",
            "id": 34,
            "category": "Heavy Bowgun",
            "name": "Final Guerilla VII",
            "usage": 143,
            "stage": 101376,
            "exp": 195359430217.38242,
            "HP": 2269574,
            "ATK": 1018629,
            "DEF": 153533,
            "SPD": 65565,
            "durability": 273490,
            "baseDurability": 273500,
            "dmgBonus": 3.5,
            "defBonus": 0.5,
            "hpBonus": 1,
            "spdBonus": 0.5,
            "ArmorPiercing": 0.3,
            "description": "Vũ Khí Heavy Bowgun, hiến tế phòng thủ và tốc độ để có lượng sát thương khủng và xuyên giáp cao",
            "price": 17940000,
            "image": "https://i.imgur.com/lUmYd17.png"
        },
        "accessories": {
            "type": "accessories",
            "id": 8,
            "name": "True Essence Of Finality ★",
            "durability": 1000,
            "baseDurability": 1000,
            "HP": 24600000,
            "DEF": 6578000,
            "SPD": 3456000,
            "dmgBuff": 2.5,
            "defBuff": 2.5,
            "hpBuff": 4,
            "spdBuff": 2.5,
            "DamageReduction": 0.8,
            "description": "Phụ kiện End-Game tối thượng, toàn năng và kết thúc tất cả",
            "price": 4478000000,
            "image": "https://i.imgur.com/UybtgdG.png"
        },
        "buff": null,
        "locationID": "10",
        "bag": [
            {
                "type": "food",
                "name": "Nước Thánh Tối Thượng (-100 Karma)",
                "price": 50000,
                "boostHP": 0,
                "boostATK": 0,
                "boostDEF": 0,
                "boostSPD": 0,
                "boostEXP": 0,
                "boostKarma": -100,
                "boostPoints": 0,
                "heal": 0,
                "image": "https://i.imgur.com/EwsRhwb.png"
            }
        ],
        "monster": [],
        "created": 1706719811141
    },
    {
        "id": "100051623110384",
        "name": "黎月儿",
        "level": 146,
        "exp": 210698923421.30786,
        "hp": 6184875,
        "atk": 24509124,
        "def": 5050074,
        "spd": 24279107,
        "the_luc": 1920,
        "the_luc_Base": 1000,
        "summonPoint": 0,
        "karma": 5675,
        "points": 174600,
        "rankScore": 70.5,
        "talentHP": 6,
        "talentATK": 3,
        "talentDEF": 4,
        "talentSPD": 3,
        "talentGrow": 6,
        "weapon": {
            "type": "weapon",
            "id": 27,
            "category": "Dual Blades",
            "name": "Bergel Veltra VII",
            "usage": 147,
            "stage": 23811,
            "exp": 54462511915.82562,
            "HP": 1252091,
            "ATK": 336778,
            "DEF": 207270,
            "SPD": 906685,
            "durability": 143954,
            "baseDurability": 145000,
            "dmgBonus": 1,
            "defBonus": 0.5,
            "hpBonus": 1,
            "spdBonus": 2.5,
            "ArmorPiercing": 0.85,
            "description": "Vũ Khí Song Đao, hiến tế phòng thủ và tăng mạnh tốc độ",
            "price": 15200000,
            "image": "https://i.imgur.com/xt4osvg.png"
        },
        "accessories": {
            "type": "accessories",
            "id": 8,
            "name": "True Essence Of Finality ★",
            "durability": 1000,
            "baseDurability": 1000,
            "HP": 24600000,
            "DEF": 6578000,
            "SPD": 3456000,
            "dmgBuff": 2.5,
            "defBuff": 2.5,
            "hpBuff": 4,
            "spdBuff": 2.5,
            "DamageReduction": 0.8,
            "description": "Phụ kiện End-Game tối thượng, toàn năng và kết thúc tất cả",
            "price": 4478000000,
            "image": "https://i.imgur.com/UybtgdG.png"
        },
        "buff": null,
        "locationID": "6",
        "bag": [],
        "monster": [],
        "created": 1706720542681
    },
    {
        "id": "100084722572866",
        "name": "Leon Fou Bartfort",
        "level": 127,
        "exp": 8239049106.839062,
        "hp": 3048460,
        "atk": 34823459,
        "def": 19409,
        "spd": 33405892,
        "the_luc": 3540,
        "the_luc_Base": 1000,
        "summonPoint": 0,
        "karma": 1,
        "points": 275100,
        "rankScore": 3.5,
        "talentHP": 6,
        "talentATK": 4,
        "talentDEF": 3,
        "talentSPD": 4,
        "talentGrow": 3,
        "weapon": {
            "type": "weapon",
            "id": 34,
            "category": "Heavy Bowgun",
            "name": "Final Guerilla VII",
            "usage": 127,
            "stage": 21888,
            "exp": 9993114943.113304,
            "HP": 1935542,
            "ATK": 868707,
            "DEF": 130937,
            "SPD": 55915,
            "durability": 0,
            "baseDurability": 273500,
            "dmgBonus": 3.5,
            "defBonus": 0.5,
            "hpBonus": 1,
            "spdBonus": 0.5,
            "ArmorPiercing": 0.3,
            "description": "Vũ Khí Heavy Bowgun, hiến tế phòng thủ và tốc độ để có lượng sát thương khủng và xuyên giáp cao",
            "price": 17940000,
            "image": "https://i.imgur.com/lUmYd17.png"
        },
        "accessories": {
            "type": "accessories",
            "id": 8,
            "name": "True Essence Of Finality ★",
            "durability": 1000,
            "baseDurability": 1000,
            "HP": 24600000,
            "DEF": 6578000,
            "SPD": 3456000,
            "dmgBuff": 2.5,
            "defBuff": 2.5,
            "hpBuff": 4,
            "spdBuff": 2.5,
            "DamageReduction": 0.8,
            "description": "Phụ kiện End-Game tối thượng, toàn năng và kết thúc tất cả",
            "price": 4478000000,
            "image": "https://i.imgur.com/UybtgdG.png"
        },
        "buff": {
            "type": "buff",
            "id": 0,
            "name": "Cần Sa Toàn Năng",
            "buffName": "+250% Toàn bộ chỉ số",
            "buffATK": 2.5,
            "buffHP": 2.5,
            "buffDEF": 2.5,
            "buffSPD": 2.5,
            "buffDamageReduction": 0,
            "buffExp": 0,
            "time": 3,
            "description": "Tăng 250% toàn bộ chỉ số trong 5 trận kế tiếp",
            "price": 15850000,
            "image": "https://i.imgur.com/PrlYjxE.png"
        },
        "locationID": "6",
        "bag": [],
        "monster": [],
        "created": 1706728657170
    },
    {
        "id": "100034083851584",
        "name": "Hoàng An",
        "level": 20,
        "exp": 4919.244626004998,
        "hp": 2105,
        "atk": 1468728,
        "def": 678,
        "spd": 1504369,
        "the_luc": 2660,
        "the_luc_Base": 1000,
        "summonPoint": 0,
        "karma": 4264,
        "points": 28500,
        "rankScore": 1,
        "talentHP": 5,
        "talentATK": 4,
        "talentDEF": 3,
        "talentSPD": 4,
        "talentGrow": 5,
        "weapon": {
            "type": "weapon",
            "id": 34,
            "category": "Heavy Bowgun",
            "name": "Final Guerilla VII",
            "usage": 4,
            "stage": 384,
            "exp": 129.7500000019195,
            "HP": 569211,
            "ATK": 255468,
            "DEF": 38502,
            "SPD": 16442,
            "durability": 0,
            "baseDurability": 273500,
            "dmgBonus": 3.5,
            "defBonus": 0.5,
            "hpBonus": 1,
            "spdBonus": 0.5,
            "ArmorPiercing": 0.3,
            "description": "Vũ Khí Heavy Bowgun, hiến tế phòng thủ và tốc độ để có lượng sát thương khủng và xuyên giáp cao",
            "price": 17940000,
            "image": "https://i.imgur.com/lUmYd17.png"
        },
        "accessories": {
            "type": "accessories",
            "id": 7,
            "name": "Orb Of Absolute Destruction X",
            "durability": 1000,
            "baseDurability": 1000,
            "HP": 7400000,
            "DEF": 0,
            "SPD": 1200000,
            "dmgBuff": 4.5,
            "defBuff": 0.75,
            "hpBuff": 1,
            "spdBuff": 2,
            "DamageReduction": 1,
            "description": "Viên ngọc chứa đựng sức mạnh hỗn mang, huỷ diệt, khi trang bị sẽ tăng mạnh SPD cơ bản kèm 550% ATK và 400% SPD nhưng giảm 25% DEF",
            "price": 214700000,
            "image": "https://i.imgur.com/RXzzotG.png"
        },
        "buff": null,
        "locationID": "17",
        "bag": [],
        "monster": [
            {
                "ID": 3,
                "Name": "Deviljho",
                "Tier": "II",
                "HP": 24600,
                "ATK": 6070,
                "DEF": 1850,
                "size": 2517,
                "category": "Big monster",
                "SPD": 4950,
                "ATKbonus": 1,
                "DEFbonus": 1,
                "SPDbonus": 1,
                "ArmorPiercing": 1,
                "price": 45500,
                "exp": 22750,
                "description": "A monster that must feed constantly and will devour anything in its path, even feeding on the largest of monsters with its massive jowls.",
                "image": "https://i.imgur.com/zhPRqLG.png"
            },
            {
                "ID": 19,
                "Name": "Pink Rathian",
                "Tier": "IV",
                "HP": 21000,
                "ATK": 4555,
                "DEF": 1560,
                "size": 2130,
                "category": "Big monster",
                "SPD": 5970,
                "ATKbonus": 1,
                "DEFbonus": 1,
                "SPDbonus": 1,
                "ArmorPiercing": 1,
                "price": 89300,
                "exp": 44650,
                "description": "A subspecies with vibrant pink scales. Pink Rathians wield their toxic tails more deftly than normal Rathians, weakening prey with poison before moving in for the kill.",
                "image": "https://i.imgur.com/4votoCA.png"
            },
            {
                "ID": 12,
                "Name": "Kulu-Ya-Ku",
                "Tier": "I",
                "HP": 15370,
                "ATK": 1450,
                "DEF": 350,
                "size": 793,
                "category": "Medium monster",
                "SPD": 1300,
                "ATKbonus": 1,
                "DEFbonus": 1,
                "SPDbonus": 1,
                "ArmorPiercing": 1,
                "price": 23000,
                "exp": 11500,
                "description": "An odd bird wyvern that has developed limbs capable of carrying weapons.It's been spotted stealing eggs from nests found in the Ancient Forest and Wildspire Waste.",
                "image": "https://i.imgur.com/rg3yqRa.png"
            },
            {
                "ID": 0,
                "Name": "Anjanath",
                "Tier": "II",
                "HP": 18239,
                "ATK": 3100,
                "DEF": 1450,
                "size": 2008,
                "category": "Big monster",
                "SPD": 2500,
                "ATKbonus": 1,
                "DEFbonus": 1,
                "SPDbonus": 1,
                "ArmorPiercing": 1,
                "price": 35000,
                "exp": 17500,
                "description": "The Anjanath patrols the Ancient Forest looking for its favorite meal, Aptonoth. This belligerent monster will attack anything without the slightest provocation.",
                "image": "https://i.imgur.com/PRmyIK6.png"
            },
            {
                "ID": 12,
                "Name": "Kulu-Ya-Ku",
                "Tier": "I",
                "HP": 15370,
                "ATK": 1450,
                "DEF": 350,
                "size": 793,
                "category": "Medium monster",
                "SPD": 1300,
                "ATKbonus": 1,
                "DEFbonus": 1,
                "SPDbonus": 1,
                "ArmorPiercing": 1,
                "price": 23000,
                "exp": 11500,
                "description": "An odd bird wyvern that has developed limbs capable of carrying weapons.It's been spotted stealing eggs from nests found in the Ancient Forest and Wildspire Waste.",
                "image": "https://i.imgur.com/rg3yqRa.png"
            },
            {
                "ID": 2,
                "Name": "Banbaro",
                "Tier": "II",
                "HP": 16240,
                "ATK": 2380,
                "DEF": 1350,
                "size": 2957,
                "category": "Big monster",
                "SPD": 2840,
                "ATKbonus": 1,
                "DEFbonus": 1,
                "SPDbonus": 1,
                "ArmorPiercing": 1,
                "price": 30800,
                "exp": 15400,
                "description": "A monster with two giant horns, like a running brick wall. It charges at threats while digging its massive horns in the ground, sometimes picking up entire trees along the way.",
                "image": "https://i.imgur.com/6V5D9PR.png"
            }
        ],
        "created": 1706754240240
    },
    {
        "id": "100077350447762",
        "name": "Trần Hoài Nhân",
        "level": 15,
        "exp": 1734.7614892492793,
        "hp": 1675,
        "atk": 216520,
        "def": 470,
        "spd": 235,
        "the_luc": 620,
        "the_luc_Base": 1000,
        "summonPoint": 0,
        "karma": 19,
        "points": 9000,
        "rankScore": 1,
        "talentHP": 6,
        "talentATK": 3,
        "talentDEF": 4,
        "talentSPD": 4,
        "talentGrow": 6,
        "weapon": {
            "type": "weapon",
            "id": 13,
            "category": "Lance",
            "name": "Xeno Zauta VII",
            "usage": 15,
            "stage": 0,
            "exp": 3072.7993815873015,
            "HP": 951993,
            "ATK": 116098,
            "DEF": 371510,
            "SPD": 9288,
            "durability": 409978,
            "baseDurability": 410000,
            "dmgBonus": 1,
            "defBonus": 2.5,
            "hpBonus": 1,
            "spdBonus": 0.5,
            "ArmorPiercing": 1,
            "description": "Vũ Khí loại phòng thủ, tăng mạnh phòng thủ nhưng sẽ giảm tốc độ",
            "price": 12200000,
            "image": "https://i.imgur.com/lH4qNIf.png"
        },
        "accessories": {
            "type": "accessories",
            "id": 0,
            "name": "Alatreon Alpha Armor Set VII",
            "durability": 1000,
            "baseDurability": 1000,
            "HP": 500000,
            "DEF": 302600,
            "SPD": 137000,
            "dmgBuff": 1.2,
            "defBuff": 1.2,
            "hpBuff": 1.2,
            "spdBuff": 1.1,
            "DamageReduction": 0.8,
            "description": "Bộ giáp làm từ vảy của một con Alatreon, đem lại khả năng bảo vệ hoàn hảo",
            "price": 20421000,
            "image": "https://i.imgur.com/1qtENVi.png"
        },
        "buff": null,
        "locationID": "2",
        "bag": [],
        "monster": [
            {
                "ID": 5,
                "Name": "Aptonoth",
                "Tier": "III",
                "HP": 4000,
                "ATK": 320,
                "DEF": 320,
                "size": 1000,
                "category": "Small monster",
                "SPD": 410,
                "ATKbonus": 1,
                "DEFbonus": 1,
                "SPDbonus": 1,
                "ArmorPiercing": 1,
                "price": 4800,
                "exp": 3100,
                "description": "Docile herbivores that graze in packs. Their meat is considered a delicacy and is rich in nutrients. If one member of the herd is attacked, the rest will flee immediately",
                "image": "https://i.imgur.com/v8euibk.png"
            },
            {
                "ID": 6,
                "Name": "Aptonoth",
                "Tier": "IV",
                "HP": 4000,
                "ATK": 320,
                "DEF": 320,
                "size": 1000,
                "category": "Small monster",
                "SPD": 410,
                "ATKbonus": 1,
                "DEFbonus": 1,
                "SPDbonus": 1,
                "ArmorPiercing": 1,
                "price": 4800,
                "exp": 3100,
                "description": "Docile herbivores that graze in packs. Their meat is considered a delicacy and is rich in nutrients. If one member of the herd is attacked, the rest will flee immediately",
                "image": "https://i.imgur.com/v8euibk.png"
            },
            {
                "ID": 5,
                "Name": "Aptonoth",
                "Tier": "III",
                "HP": 4000,
                "ATK": 320,
                "DEF": 320,
                "size": 1000,
                "category": "Small monster",
                "SPD": 410,
                "ATKbonus": 1,
                "DEFbonus": 1,
                "SPDbonus": 1,
                "ArmorPiercing": 1,
                "price": 4800,
                "exp": 3100,
                "description": "Docile herbivores that graze in packs. Their meat is considered a delicacy and is rich in nutrients. If one member of the herd is attacked, the rest will flee immediately",
                "image": "https://i.imgur.com/v8euibk.png"
            },
            {
                "ID": 9,
                "Name": "Gowngoat",
                "Tier": "I",
                "HP": 350,
                "ATK": 30,
                "DEF": 30,
                "size": 190,
                "category": "Small monster",
                "SPD": 810,
                "ATKbonus": 1,
                "DEFbonus": 1,
                "SPDbonus": 1,
                "ArmorPiercing": 1,
                "price": 600,
                "exp": 300,
                "description": "",
                "image": "https://i.imgur.com/lngMiXK.png"
            },
            {
                "ID": 1,
                "Name": "Aptonoth",
                "Tier": "II",
                "HP": 4000,
                "ATK": 320,
                "DEF": 320,
                "size": 1000,
                "category": "Small monster",
                "SPD": 410,
                "ATKbonus": 1,
                "DEFbonus": 1,
                "SPDbonus": 1,
                "ArmorPiercing": 1,
                "price": 4800,
                "exp": 3100,
                "description": "Docile herbivores that graze in packs. Their meat is considered a delicacy and is rich in nutrients. If one member of the herd is attacked, the rest will flee immediately",
                "image": "https://i.imgur.com/v8euibk.png"
            },
            {
                "ID": 2,
                "Name": "Kestodon",
                "Tier": "I",
                "HP": 800,
                "ATK": 120,
                "DEF": 20,
                "size": 500,
                "category": "Small monster",
                "SPD": 610,
                "ATKbonus": 1,
                "DEFbonus": 1,
                "SPDbonus": 1,
                "ArmorPiercing": 1,
                "exp": 400,
                "price": 1000,
                "description": "Female Kestodon will alert the pack of danger, while the males will violently charge would-be threats. Their rushing charges can be blocked, however, leaving them open to attacks",
                "image": "https://i.imgur.com/SRNavek.png"
            },
            {
                "ID": 25,
                "Name": "Yian Garuga",
                "Tier": "III",
                "HP": 22050,
                "ATK": 2410,
                "DEF": 1120,
                "size": 1708,
                "category": "Big monster",
                "SPD": 6200,
                "ATKbonus": 1,
                "DEFbonus": 1,
                "SPDbonus": 1,
                "ArmorPiercing": 1,
                "price": 31800,
                "exp": 15900,
                "description": "A short-tempered bird wyvern marked by its hard, black scales and impressive mane. It strikes with its distinctive beak.",
                "image": "https://i.imgur.com/CB0Hxau.png"
            },
            {
                "ID": 0,
                "Name": "Kulu-Ya-Ku",
                "Tier": "II",
                "HP": 15370,
                "ATK": 1450,
                "DEF": 350,
                "size": 793,
                "category": "Medium monster",
                "SPD": 1300,
                "ATKbonus": 1,
                "DEFbonus": 1,
                "SPDbonus": 1,
                "ArmorPiercing": 1,
                "price": 23000,
                "exp": 10000,
                "description": "An odd bird wyvern that has developed limbs capable of carrying weapons.It's been spotted stealing eggs from nests found in the Ancient Forest and Wildspire Waste.",
                "image": "https://i.imgur.com/rg3yqRa.png"
            },
            {
                "ID": 4,
                "Name": "Deviljho",
                "Tier": "III",
                "HP": 24600,
                "ATK": 6070,
                "DEF": 1850,
                "size": 2517,
                "category": "Big monster",
                "SPD": 4950,
                "ATKbonus": 1,
                "DEFbonus": 1,
                "SPDbonus": 1,
                "ArmorPiercing": 1,
                "price": 45500,
                "exp": 24000,
                "description": "A monster that must feed constantly and will devour anything in its path, even feeding on the largest of monsters with its massive jowls.",
                "image": "https://i.imgur.com/zhPRqLG.png"
            },
            {
                "ID": 25,
                "Name": "Scarred Yian Garuga",
                "Tier": "IV",
                "HP": 24420,
                "ATK": 6410,
                "DEF": 920,
                "size": 1722,
                "category": "Big monster",
                "SPD": 7200,
                "ATKbonus": 1,
                "DEFbonus": 1,
                "SPDbonus": 1,
                "ArmorPiercing": 1,
                "price": 52800,
                "exp": 26400,
                "description": "A tempered Yian Garuga that survived a grueling battle with just a scar on its head. Be careful of its successive attacks.",
                "image": "https://i.imgur.com/cwbZQ2J.png"
            },
            {
                "ID": 0,
                "Name": "Kulu-Ya-Ku",
                "Tier": "II",
                "HP": 15370,
                "ATK": 1450,
                "DEF": 350,
                "size": 793,
                "category": "Medium monster",
                "SPD": 1300,
                "ATKbonus": 1,
                "DEFbonus": 1,
                "SPDbonus": 1,
                "ArmorPiercing": 1,
                "price": 23000,
                "exp": 10000,
                "description": "An odd bird wyvern that has developed limbs capable of carrying weapons.It's been spotted stealing eggs from nests found in the Ancient Forest and Wildspire Waste.",
                "image": "https://i.imgur.com/rg3yqRa.png"
            },
            {
                "ID": 8,
                "Name": "Raging Brachydios",
                "Tier": "III",
                "HP": 28130,
                "ATK": 14000,
                "DEF": 6300,
                "size": 2282,
                "category": "Giant monster",
                "SPD": 10700,
                "ATKbonus": 1,
                "DEFbonus": 1,
                "SPDbonus": 1,
                "ArmorPiercing": 1,
                "price": 231300,
                "exp": 115650,
                "description": "A Brachydios variant that is much larger than the normal species. The slime on its body will activate over time and detonate.",
                "image": "https://i.imgur.com/szIqj0T.png"
            },
            {
                "ID": 30,
                "Name": "Vespoid",
                "Tier": "I",
                "HP": 100,
                "ATK": 20,
                "DEF": 10,
                "size": 104,
                "category": "Small monster",
                "SPD": 510,
                "ATKbonus": 1,
                "DEFbonus": 1,
                "SPDbonus": 1,
                "ArmorPiercing": 1,
                "price": 300,
                "exp": 150,
                "description": "Insects that paralyze their targets with their long stingers. They break easily, so attack them with poison or slinger ammo if you want to carve them.",
                "image": "https://i.imgur.com/KGZxCL5.png"
            },
            {
                "ID": 21,
                "Name": "Silver Rathalos",
                "Tier": "IV",
                "HP": 21000,
                "ATK": 4555,
                "DEF": 1560,
                "size": 2130,
                "category": "Big monster",
                "SPD": 5970,
                "ATKbonus": 1,
                "DEFbonus": 1,
                "SPDbonus": 1,
                "ArmorPiercing": 1,
                "price": 89300,
                "exp": 43650,
                "description": "A rare silver-scaled Rathalos species. When weathering in hellfire, its breath grows more lethal and it gains a new set of attacks.",
                "image": "https://i.imgur.com/ryjki1a.png"
            },
            {
                "ID": 29,
                "Name": "Gastodon",
                "Tier": "I",
                "HP": 200,
                "ATK": 20,
                "DEF": 80,
                "size": 174,
                "category": "Small monster",
                "SPD": 810,
                "ATKbonus": 1,
                "DEFbonus": 1,
                "SPDbonus": 1,
                "ArmorPiercing": 1,
                "price": 400,
                "exp": 200,
                "description": "Pack monsters that inhabit the Elder's Recess. They are easily angered by intruders, and will charge at monsters twice their size.",
                "image": "https://i.imgur.com/5iSBJVC.png"
            },
            {
                "ID": 24,
                "Name": "Tigrex",
                "Tier": "II",
                "HP": 19200,
                "ATK": 8500,
                "DEF": 1020,
                "size": 2310,
                "category": "Big monster",
                "SPD": 10110,
                "ATKbonus": 1,
                "DEFbonus": 1,
                "SPDbonus": 1,
                "ArmorPiercing": 1,
                "price": 42300,
                "exp": 21150,
                "description": " flying wyvern straight out of prehistory, known for its deafening roar and powerful legs that drive its overwhelming charge.",
                "image": "https://i.imgur.com/uQbTBUk.png"
            },
            {
                "ID": 4,
                "Name": "Bazelgeuse",
                "Tier": "II",
                "HP": 9190,
                "ATK": 1500,
                "DEF": 4850,
                "size": 2410,
                "category": "Big monster",
                "SPD": 20150,
                "ATKbonus": 1,
                "DEFbonus": 1,
                "SPDbonus": 1,
                "ArmorPiercing": 1,
                "price": 20500,
                "exp": 10250,
                "description": "A nefarious flying wyvern that travels the New World in search of prey. It scatters explosive scales over a wide area to prey on whatever gets caught in the blast",
                "image": "https://i.imgur.com/jGklX2L.png"
            },
            {
                "ID": 18,
                "Name": "Rajang",
                "Tier": "III",
                "HP": 18900,
                "ATK": 5120,
                "DEF": 750,
                "size": 994,
                "category": "Big monster",
                "SPD": 9970,
                "ATKbonus": 1,
                "DEFbonus": 1,
                "SPDbonus": 1,
                "ArmorPiercing": 1,
                "price": 54400,
                "exp": 27200,
                "description": "An ultra-aggressive creature that few have a chance of surviving against. Sports powerful arms that pack a punch, and turns gold when angry.",
                "image": "https://i.imgur.com/kEODdqK.png"
            },
            {
                "ID": 29,
                "Name": "Gastodon",
                "Tier": "I",
                "HP": 200,
                "ATK": 20,
                "DEF": 80,
                "size": 174,
                "category": "Small monster",
                "SPD": 810,
                "ATKbonus": 1,
                "DEFbonus": 1,
                "SPDbonus": 1,
                "ArmorPiercing": 1,
                "price": 400,
                "exp": 200,
                "description": "Pack monsters that inhabit the Elder's Recess. They are easily angered by intruders, and will charge at monsters twice their size.",
                "image": "https://i.imgur.com/5iSBJVC.png"
            }
        ],
        "created": 1707387138552
    },
    {
        "id": "100037211391552",
        "name": "Heo Rừng",
        "level": 17,
        "exp": 4333.1973722734,
        "hp": 1845,
        "atk": 588,
        "def": 538,
        "spd": 269,
        "the_luc": 518,
        "the_luc_Base": 1000,
        "summonPoint": 0,
        "karma": 0,
        "points": 53400,
        "rankScore": 1,
        "talentHP": 6,
        "talentATK": 3,
        "talentDEF": 4,
        "talentSPD": 4,
        "talentGrow": 3,
        "weapon": {
            "type": "weapon",
            "id": 34,
            "category": "Heavy Bowgun",
            "name": "Final Guerilla VII",
            "usage": 19,
            "stage": 0,
            "exp": 1770.1338386811822,
            "HP": 660837,
            "ATK": 296590,
            "DEF": 44702,
            "SPD": 19088,
            "durability": 99,
            "baseDurability": 273500,
            "dmgBonus": 3.5,
            "defBonus": 0.5,
            "hpBonus": 1,
            "spdBonus": 0.5,
            "ArmorPiercing": 0.3,
            "description": "Vũ Khí Heavy Bowgun, hiến tế phòng thủ và tốc độ để có lượng sát thương khủng và xuyên giáp cao",
            "price": 17940000,
            "image": "https://i.imgur.com/lUmYd17.png"
        },
        "accessories": {
            "type": "accessories",
            "id": 7,
            "name": "Orb Of Absolute Destruction X",
            "durability": 1000,
            "baseDurability": 1000,
            "HP": 7400000,
            "DEF": 0,
            "SPD": 1200000,
            "dmgBuff": 4.5,
            "defBuff": 0.75,
            "hpBuff": 1,
            "spdBuff": 2,
            "DamageReduction": 1,
            "description": "Viên ngọc chứa đựng sức mạnh hỗn mang, huỷ diệt, khi trang bị sẽ tăng mạnh SPD cơ bản kèm 550% ATK và 400% SPD nhưng giảm 25% DEF",
            "price": 214700000,
            "image": "https://i.imgur.com/RXzzotG.png"
        },
        "buff": null,
        "locationID": "1",
        "bag": [],
        "monster": [
            {
                "ID": 0,
                "Name": "Kulu-Ya-Ku",
                "Tier": "II",
                "HP": 15370,
                "ATK": 1450,
                "DEF": 350,
                "size": 793,
                "category": "Medium monster",
                "SPD": 1300,
                "ATKbonus": 1,
                "DEFbonus": 1,
                "SPDbonus": 1,
                "ArmorPiercing": 1,
                "price": 23000,
                "exp": 10000,
                "description": "An odd bird wyvern that has developed limbs capable of carrying weapons.It's been spotted stealing eggs from nests found in the Ancient Forest and Wildspire Waste.",
                "image": "https://i.imgur.com/rg3yqRa.png"
            },
            {
                "ID": 29,
                "Name": "Vespoid",
                "Tier": "I",
                "HP": 100,
                "ATK": 20,
                "DEF": 10,
                "size": 104,
                "category": "Small monster",
                "SPD": 510,
                "ATKbonus": 1,
                "DEFbonus": 1,
                "SPDbonus": 1,
                "ArmorPiercing": 1,
                "price": 300,
                "exp": 150,
                "description": "Insects that paralyze their targets with their long stingers. They break easily, so attack them with poison or slinger ammo if you want to carve them.",
                "image": "https://i.imgur.com/KGZxCL5.png"
            },
            {
                "ID": 0,
                "Name": "Kulu-Ya-Ku",
                "Tier": "II",
                "HP": 15370,
                "ATK": 1450,
                "DEF": 350,
                "size": 793,
                "category": "Medium monster",
                "SPD": 1300,
                "ATKbonus": 1,
                "DEFbonus": 1,
                "SPDbonus": 1,
                "ArmorPiercing": 1,
                "price": 23000,
                "exp": 10000,
                "description": "An odd bird wyvern that has developed limbs capable of carrying weapons.It's been spotted stealing eggs from nests found in the Ancient Forest and Wildspire Waste.",
                "image": "https://i.imgur.com/rg3yqRa.png"
            },
            {
                "ID": 18,
                "Name": "Rajang",
                "Tier": "III",
                "HP": 18900,
                "ATK": 5120,
                "DEF": 750,
                "size": 994,
                "category": "Medium monster",
                "SPD": 9970,
                "ATKbonus": 1,
                "DEFbonus": 1,
                "SPDbonus": 1,
                "ArmorPiercing": 1,
                "price": 54400,
                "exp": 27200,
                "description": "An ultra-aggressive creature that few have a chance of surviving against. Sports powerful arms that pack a punch, and turns gold when angry.",
                "image": "https://i.imgur.com/kEODdqK.png"
            },
            {
                "ID": 13,
                "Name": "Glavenus",
                "Tier": "III",
                "HP": 19200,
                "ATK": 5380,
                "DEF": 3250,
                "size": 3003,
                "category": "Big monster",
                "SPD": 4350,
                "ATKbonus": 1,
                "DEFbonus": 1,
                "SPDbonus": 1,
                "ArmorPiercing": 1,
                "price": 56800,
                "exp": 28400,
                "description": "A brute wyvern that wields its heavy blue tail like a blade. It grows hotter and more keen with each strike until it glows red.",
                "image": "https://i.imgur.com/xy3fXpN.png"
            },
            {
                "ID": 2,
                "Name": "Jagras",
                "Tier": "I",
                "HP": 250,
                "ATK": 40,
                "DEF": 50,
                "size": 113,
                "category": "Small monster",
                "SPD": 950,
                "ATKbonus": 1,
                "DEFbonus": 1,
                "SPDbonus": 1,
                "ArmorPiercing": 1,
                "price": 500,
                "exp": 250,
                "description": "Members of the Great Jagras pack, these smaller monsters will flee upon seeing one of their own perish. They are also known for ambushing larger monsters at a moment's notice.",
                "image": "https://i.imgur.com/vOsuGDs.png"
            },
            {
                "ID": 10,
                "Name": "Ancient Leshen",
                "Tier": "IV",
                "HP": 67500,
                "ATK": 31380,
                "DEF": 50,
                "size": 547,
                "category": "Medium monster",
                "SPD": 4080,
                "ATKbonus": 1,
                "DEFbonus": 1,
                "SPDbonus": 1,
                "ArmorPiercing": 1,
                "price": 1089800,
                "exp": 504300,
                "description": "An old leshen that arrived through a portal to assume control of the Ancient Forest. Sometimes revered as an indigenous deity. Ancient Leshens use their wisdom and tactical knowledge to curse hunters and send packs of wild Jagras after them.",
                "image": "https://i.imgur.com/3qcnLbb.png"
            },
            {
                "ID": 0,
                "Name": "Kulu-Ya-Ku",
                "Tier": "II",
                "HP": 15370,
                "ATK": 1450,
                "DEF": 350,
                "size": 793,
                "category": "Medium monster",
                "SPD": 1300,
                "ATKbonus": 1,
                "DEFbonus": 1,
                "SPDbonus": 1,
                "ArmorPiercing": 1,
                "price": 23000,
                "exp": 10000,
                "description": "An odd bird wyvern that has developed limbs capable of carrying weapons.It's been spotted stealing eggs from nests found in the Ancient Forest and Wildspire Waste.",
                "image": "https://i.imgur.com/rg3yqRa.png"
            }
        ],
        "created": 1706719036978
    },
    {
        "id": "100082595504053",
        "name": "Lance Crown",
        "level": 1,
        "exp": 0,
        "hp": 5000,
        "atk": 2500,
        "def": 1000,
        "spd": 500,
        "the_luc": 1000,
        "the_luc_Base": 1000,
        "summonPoint": 0,
        "karma": 0,
        "points": 0,
        "rankScore": 1,
        "talentHP": 4,
        "talentATK": 4,
        "talentDEF": 1,
        "talentSPD": 4,
        "talentGrow": 4,
        "weapon": null,
        "accessories": null,
        "buff": null,
        "locationID": null,
        "bag": [
            {
                "type": "weapon",
                "id": 10,
                "name": "Iron Sword I",
                "usage": 0,
                "stage": 0,
                "exp": 0,
                "HP": 4000,
                "ATK": 210,
                "DEF": 210,
                "SPD": 2000,
                "durability": 2000,
                "baseDurability": 2000,
                "dmgBonus": 1,
                "defBonus": 1,
                "hpBonus": 1,
                "spdBonus": 1,
                "ArmorPiercing": 1,
                "price": 1000,
                "image": "https://i.imgur.com/JB2JAEm.png"
            }
        ],
        "monster": [],
        "created": 1706728770874
    },
    {
        "id": "100087385830718",
        "name": "Haruka Kadae",
        "level": 1,
        "exp": 0,
        "hp": 5000,
        "atk": 2500,
        "def": 1000,
        "spd": 500,
        "the_luc": 1000,
        "the_luc_Base": 1000,
        "summonPoint": 0,
        "karma": 0,
        "points": 0,
        "rankScore": 1,
        "talentHP": 5,
        "talentATK": 4,
        "talentDEF": 3,
        "talentSPD": 1,
        "talentGrow": 4,
        "weapon": null,
        "accessories": null,
        "buff": null,
        "locationID": null,
        "bag": [
            {
                "type": "weapon",
                "id": 10,
                "name": "Iron Sword I",
                "usage": 0,
                "stage": 0,
                "exp": 0,
                "HP": 4000,
                "ATK": 210,
                "DEF": 210,
                "SPD": 2000,
                "durability": 2000,
                "baseDurability": 2000,
                "dmgBonus": 1,
                "defBonus": 1,
                "hpBonus": 1,
                "spdBonus": 1,
                "ArmorPiercing": 1,
                "price": 1000,
                "image": "https://i.imgur.com/JB2JAEm.png"
            }
        ],
        "monster": [],
        "created": 1706728896664
    },
    {
        "id": "100052061912414",
        "name": "Ng Thị Triều Vy",
        "level": 1,
        "exp": 0,
        "hp": 5000,
        "atk": 2500,
        "def": 1000,
        "spd": 500,
        "the_luc": 1000,
        "the_luc_Base": 1000,
        "summonPoint": 0,
        "karma": 0,
        "points": 0,
        "rankScore": 1,
        "talentHP": 4,
        "talentATK": 1,
        "talentDEF": 3,
        "talentSPD": 3,
        "talentGrow": 3,
        "weapon": null,
        "accessories": null,
        "buff": null,
        "locationID": null,
        "bag": [
            {
                "type": "weapon",
                "id": 10,
                "name": "Iron Sword I",
                "usage": 0,
                "stage": 0,
                "exp": 0,
                "HP": 4000,
                "ATK": 210,
                "DEF": 210,
                "SPD": 2000,
                "durability": 2000,
                "baseDurability": 2000,
                "dmgBonus": 1,
                "defBonus": 1,
                "hpBonus": 1,
                "spdBonus": 1,
                "ArmorPiercing": 1,
                "price": 1000,
                "image": "https://i.imgur.com/JB2JAEm.png"
            }
        ],
        "monster": [],
        "created": 1706883906590
    },
    {
        "id": "100080049943164",
        "name": "Hoang Bảo",
        "level": 1,
        "exp": 0,
        "hp": 5000,
        "atk": 2500,
        "def": 1000,
        "spd": 500,
        "the_luc": 1000,
        "the_luc_Base": 1000,
        "summonPoint": 0,
        "karma": 0,
        "points": 0,
        "rankScore": 1,
        "talentHP": 4,
        "talentATK": 2,
        "talentDEF": 2,
        "talentSPD": 2,
        "talentGrow": 4,
        "weapon": null,
        "accessories": null,
        "buff": null,
        "locationID": null,
        "bag": [
            {
                "type": "weapon",
                "id": 10,
                "name": "Iron Sword I",
                "usage": 0,
                "stage": 0,
                "exp": 0,
                "HP": 4000,
                "ATK": 210,
                "DEF": 210,
                "SPD": 2000,
                "durability": 2000,
                "baseDurability": 2000,
                "dmgBonus": 1,
                "defBonus": 1,
                "hpBonus": 1,
                "spdBonus": 1,
                "ArmorPiercing": 1,
                "price": 1000,
                "image": "https://i.imgur.com/JB2JAEm.png"
            }
        ],
        "monster": [],
        "created": 1706883944355
    },
    {
        "id": "100071848431411",
        "name": "Diệp Thảo",
        "level": 1,
        "exp": 0,
        "hp": 5000,
        "atk": 2500,
        "def": 1000,
        "spd": 500,
        "the_luc": 1000,
        "the_luc_Base": 1000,
        "summonPoint": 0,
        "karma": 0,
        "points": 0,
        "rankScore": 1,
        "talentHP": 5,
        "talentATK": 4,
        "talentDEF": 2,
        "talentSPD": 1,
        "talentGrow": 3,
        "weapon": null,
        "accessories": null,
        "buff": null,
        "locationID": null,
        "bag": [
            {
                "type": "weapon",
                "id": 10,
                "name": "Iron Sword I",
                "usage": 0,
                "stage": 0,
                "exp": 0,
                "HP": 4000,
                "ATK": 210,
                "DEF": 210,
                "SPD": 2000,
                "durability": 2000,
                "baseDurability": 2000,
                "dmgBonus": 1,
                "defBonus": 1,
                "hpBonus": 1,
                "spdBonus": 1,
                "ArmorPiercing": 1,
                "price": 1000,
                "image": "https://i.imgur.com/JB2JAEm.png"
            }
        ],
        "monster": [],
        "created": 1707060608543
    },
    {
        "id": "1315093660",
        "name": "𝘏𝘰𝘢̀𝘯𝘨 𝘈𝘯𝘩 𝘛𝘶𝘢̂́𝘯 𓉡",
        "level": 1,
        "exp": 0,
        "hp": 5000,
        "atk": 2500,
        "def": 1000,
        "spd": 500,
        "the_luc": 1000,
        "the_luc_Base": 1000,
        "summonPoint": 0,
        "karma": 0,
        "points": 0,
        "rankScore": 1,
        "talentHP": 5,
        "talentATK": 1,
        "talentDEF": 2,
        "talentSPD": 3,
        "talentGrow": 5,
        "weapon": null,
        "accessories": null,
        "buff": null,
        "locationID": null,
        "bag": [
            {
                "type": "weapon",
                "id": 10,
                "name": "Iron Sword I",
                "usage": 0,
                "stage": 0,
                "exp": 0,
                "HP": 4000,
                "ATK": 210,
                "DEF": 210,
                "SPD": 2000,
                "durability": 2000,
                "baseDurability": 2000,
                "dmgBonus": 1,
                "defBonus": 1,
                "hpBonus": 1,
                "spdBonus": 1,
                "ArmorPiercing": 1,
                "price": 1000,
                "image": "https://i.imgur.com/JB2JAEm.png"
            }
        ],
        "monster": [],
        "created": 1707090270064
    },
    {
        "id": "100025129081606",
        "name": "Trần Huyền",
        "level": 1,
        "exp": 0,
        "hp": 5000,
        "atk": 2500,
        "def": 1000,
        "spd": 500,
        "the_luc": 1000,
        "the_luc_Base": 1000,
        "summonPoint": 0,
        "karma": 0,
        "points": 0,
        "rankScore": 1,
        "talentHP": 4,
        "talentATK": 3,
        "talentDEF": 1,
        "talentSPD": 3,
        "talentGrow": 5,
        "weapon": null,
        "accessories": null,
        "buff": null,
        "locationID": null,
        "bag": [
            {
                "type": "weapon",
                "id": 10,
                "name": "Iron Sword I",
                "usage": 0,
                "stage": 0,
                "exp": 0,
                "HP": 4000,
                "ATK": 210,
                "DEF": 210,
                "SPD": 2000,
                "durability": 2000,
                "baseDurability": 2000,
                "dmgBonus": 1,
                "defBonus": 1,
                "hpBonus": 1,
                "spdBonus": 1,
                "ArmorPiercing": 1,
                "price": 1000,
                "image": "https://i.imgur.com/JB2JAEm.png"
            }
        ],
        "monster": [],
        "created": 1710257554446
    },
    {
        "id": "100079282927515",
        "name": "Baoo Nguyen",
        "level": 1,
        "exp": 0,
        "hp": 1660,
        "atk": 910,
        "def": 860,
        "spd": 760,
        "the_luc": 34000,
        "the_luc_Base": 1000,
        "summonPoint": 100,
        "karma": 0,
        "points": 0,
        "rankScore": 1,
        "talentHP": 6,
        "talentATK": 4,
        "talentDEF": 4,
        "talentSPD": 4,
        "talentGrow": 3,
        "weapon": null,
        "accessories": null,
        "buff": null,
        "locationID": null,
        "bag": [],
        "monster": [],
        "created": 1706719857408
    },
    {
        "id": "61562748484659",
        "name": "Thanh Thái",
        "level": 1,
        "exp": 0,
        "hp": 5000,
        "atk": 2500,
        "def": 1000,
        "spd": 500,
        "the_luc": 1000,
        "the_luc_Base": 1000,
        "summonPoint": 0,
        "karma": 0,
        "points": 0,
        "rankScore": 1,
        "talentHP": 5,
        "talentATK": 2,
        "talentDEF": 3,
        "talentSPD": 3,
        "talentGrow": 6,
        "weapon": null,
        "accessories": null,
        "buff": null,
        "locationID": "1",
        "bag": [
            {
                "type": "weapon",
                "id": 10,
                "name": "Iron Sword I",
                "usage": 0,
                "stage": 0,
                "exp": 0,
                "HP": 4000,
                "ATK": 210,
                "DEF": 210,
                "SPD": 2000,
                "durability": 2000,
                "baseDurability": 2000,
                "dmgBonus": 1,
                "defBonus": 1,
                "hpBonus": 1,
                "spdBonus": 1,
                "ArmorPiercing": 1,
                "price": 1000,
                "image": "https://i.imgur.com/JB2JAEm.png"
            },
            {
                "type": "weapon",
                "id": 0,
                "category": "Great Sword",
                "name": "Iron Cleaver I",
                "usage": 0,
                "stage": 0,
                "exp": 0,
                "HP": 2000,
                "ATK": 500,
                "DEF": 400,
                "SPD": 200,
                "durability": 1000,
                "baseDurability": 1000,
                "dmgBonus": 2,
                "defBonus": 1,
                "hpBonus": 1,
                "spdBonus": 0.5,
                "ArmorPiercing": 1,
                "description": "Vũ Khí loại đại đao, khả năng gây sát thương cao nhưng sẽ giảm tốc độ",
                "price": 2100,
                "image": "https://i.imgur.com/2WX3dkG.png"
            }
        ],
        "monster": [],
        "created": 1724082406184
    }
]