[
    {
        "threadID": "5556442971082682",
        "shortcuts": [
            {
                "id": "rfKcKtBJzq.mp4",
                "input": "Hê",
                "output": "Hê cái địt con bà mày",
                "uri": "https://i.imgur.com/xFs5fhR.mp4"
            }
        ]
    },
    {
        "threadID": "6232036650244852",
        "shortcuts": [
            {
                "id": "wBrNpy8vCz.png",
                "input": "Yêu mn",
                "output": "Iu",
                "uri": "https://i.imgur.com/pzy8ThE.jpeg"
            }
        ]
    },
    {
        "threadID": "7723057201056090",
        "shortcuts": [
            {
                "id": "kKyGyrkyWz",
                "input": "Set bd",
                "output": "TVM SET THEO YÊU CẦU NHA: \nIG: Nameㅤᴰᴬᴿᴷ\nBoxChat: Nameㅤᴰᴬᴿᴷ+năm sinh\nTVM NẾU BẬN HOẶC ĐANG KHÓ TÌM TÊN MÌNH THÌ CÓ THỂ TAG BOSS ĐỂ BOSS SET BD HỘ CHO NHA. XIN CẢM ƠN TVM CỦA 亗ᴅᴀʀκɴιԍнт×͜× ĐÃ TUÂN THỦ"
            }
        ]
    },
    {
        "threadID": "6907197375998441",
        "shortcuts": [
            {
                "id": "tBoNkrmuxq",
                "input": "Set bd",
                "output": "TVM SET THEO YÊU CẦU NHA: \nIG: Nameㅤᴰᴬᴿᴷ\nBoxChat: Nameㅤᴰᴬᴿᴷ+năm sinh\nTVM NẾU BẬN HOẶC ĐANG KHÓ TÌM TÊN MÌNH THÌ CÓ THỂ TAG BOSS ĐỂ BOSS SET BD HỘ CHO NHA. XIN CẢM ƠN TVM CỦA 亗ᴅᴀʀκɴιԍнт×͜× ĐÃ TUÂN THỦ"
            }
        ]
    },
    {
        "threadID": "6776721709112710",
        "shortcuts": [
            {
                "id": "ymzzBmpoo8",
                "input": "Set bd",
                "output": "TVM SET THEO YÊU CẦU NHA: \nIG: Nameㅤᴰᴬᴿᴷ\nBoxChat: Nameㅤᴰᴬᴿᴷ+năm sinh\nTVM NẾU BẬN HOẶC ĐANG KHÓ TÌM TÊN MÌNH THÌ CÓ THỂ TAG BOSS ĐỂ BOSS SET BD HỘ CHO NHA. XIN CẢM ƠN TVM CỦA 亗ᴅᴀʀκɴιԍнт×͜× ĐÃ TUÂN THỦ"
            }
        ]
    },
    {
        "threadID": "7140703359329744",
        "shortcuts": [
            {
                "id": "WtwAkrmxA9",
                "input": "tvm",
                "output": "tvm gt show acc nha ♡\nset biệt danh có năm sinh♚\nchăm tt ,tôn trọng mn trong box"
            }
        ]
    }
]