{
    "6978344125578487": {
        "data": false
    },
    "7404666862918944": {
        "data": false
    },
    "6586713874767016": {
        "data": false
    },
    "24549562671326186": {
        "data": false
    },
    "100037211391552": {
        "data": false
    },
    "7282247551848142": {
        "data": false
    },
    "7312038128911928": {
        "data": false
    },
    "7519651594723638": {
        "data": false
    },
    "6507618402694878": {
        "data": false
    },
    "6907532705945273": {
        "data": false
    },
    "7895466063851235": {
        "data": false
    },
    "7339169249498393": {
        "data": false
    },
    "6834871869889629": {
        "data": false
    },
    "26202638572684947": {
        "data": false
    },
    "7993258997390195": {
        "data": false
    },
    "7584496484905670": {
        "data": false
    }
}